t1,t2,d,k,approximation,fpt,approximation_time,fpt_time
"[24, 6, 27, 6, 20, 8, 11, 6, 1, 10, None, 22, 18, 8, 26, 19, 26, 16, 24, 11, 7, 23, 10, 14, 19, 15, 7, 3, 12, 18]","[7, 6, 27, 6, 0, 8, 11, 6, 1, 10, None, 22, 18, 8, 26, 5, 9, 24, 24, 11, 16, 23, 10, 14, 19, 15, 7, 3, 12, 18]",5,5,16,5,0.0005916259251534939,34.9703921219334
"[1, 23, None, 24, 11, 9, 13, 4, 1, 3, 8, 1, 0, 12, 5, 27, 12, 18, 2, 10, 1, 6, 4, 9, 18, 2, 24, 26, 23, 10]","[27, 23, None, 24, 18, 9, 13, 4, 1, 3, 8, 1, 15, 12, 5, 8, 12, 18, 2, 10, 1, 6, 4, 9, 18, 2, 24, 26, 23, 10]",5,5,13,4,0.0005371840670704842,0.9575787391513586
"[27, 3, 5, 25, 15, 6, 19, 2, 15, 11, 0, 15, 11, 23, 8, None, 20, 4, 15, 14, 23, 7, 4, 15, 12, 10, 15, 4, 16, 19]","[9, 11, 5, 25, 15, 6, 19, 2, 15, 11, 0, 15, 3, 23, 8, None, 20, 4, 15, 14, 23, 7, 4, 15, 1, 10, 15, 4, 9, 17]",5,5,16,5,0.0005255821160972118,34.58485282887705
"[21, 26, None, 26, 14, 3, 7, 17, 0, 10, 4, 21, 4, 28, 8, 19, 18, 11, 2, 18, 2, 23, 18, 2, 3, 13, 7, 12, 12, 7]","[21, 10, None, 26, 14, 3, 7, 17, 0, 26, 4, 21, 4, 28, 8, 19, 15, 11, 2, 18, 2, 23, 23, 2, 3, 15, 7, 12, 12, 7]",5,5,18,5,0.0005223159678280354,34.410078068031
"[24, 26, 12, 16, 0, 25, 1, 16, 26, 15, 7, 6, 20, 4, None, 14, 15, 13, 26, 7, 18, 6, 29, 3, 14, 28, 5, 28, 7, 12]","[9, 26, 12, 16, 0, 13, 1, 16, 26, 15, 7, 6, 20, 4, None, 14, 15, 25, 26, 7, 18, 6, 15, 11, 14, 28, 17, 28, 7, 12]",5,5,19,5,0.0005371449515223503,34.84897199016996
