t1,t2,d,k,approximation,fpt,approximation_time,fpt_time
"[34, 36, 34, 22, 22, 23, 3, 12, 39, 1, 2, 12, 17, 4, 19, 37, 29, 20, 28, 37, 33, 19, 23, 29, 10, 36, 34, 23, 33, 17, 36, 26, 12, None, 11, 36, 20, 36, 22, 24]","[34, 36, 34, 22, 22, 23, 3, 12, 39, 1, 2, 12, 17, 4, 19, 37, 29, 20, 28, 37, 33, 26, 23, 29, 10, 36, 34, 23, 33, 17, 19, 26, 12, None, 7, 36, 20, 36, 22, 24]",5,5,15,3,0.000760792987421155,0.04612667299807072
