t1,t2,d,k,approximation,fpt,approximation_time,fpt_time
"[9, 15, 10, 24, 6, 21, 12, 13, 4, 17, 19, 0, 25, 23, 4, 20, 25, 23, 10, 14, 8, 25, 19, 18, 14, None, 0, 15, 24, 17]","[9, 15, 10, 24, 6, 28, 12, 13, 4, 17, 19, 12, 25, 23, 4, 20, 10, 23, 10, 14, 8, 0, 19, 18, 14, None, 25, 15, 24, 17]",4,4,10,4,0.0005474030040204525,3952.559665747918
"[24, 20, 0, 16, 19, 2, 9, 5, 4, 24, 0, 6, 5, 20, 5, 13, 28, 29, 26, 12, 25, 0, 2, 22, None, 10, 10, 11, 9, 11]","[24, 20, 11, 16, 19, 18, 9, 5, 4, 24, 0, 6, 5, 20, 5, 13, 28, 2, 26, 12, 25, 0, 15, 22, None, 10, 10, 11, 9, 0]",4,4,7,3,0.000534930033609271,6.830381270963699
"[4, 2, 13, 25, 13, 12, 10, 29, 12, 0, None, 24, 10, 20, 26, 3, 18, 19, 24, 7, 19, 13, 3, 6, 14, 26, 5, 19, 6, 22]","[4, 2, 13, 25, 13, 12, 10, 29, 5, 0, None, 24, 10, 8, 17, 3, 18, 5, 24, 7, 19, 13, 3, 6, 14, 17, 19, 19, 15, 22]",4,4,15,4,0.0005592561792582273,3975.1613979400136
"[1, 14, 29, 26, 20, 25, 9, 17, 27, 18, 27, 16, 24, None, 10, 8, 19, 19, 4, 23, 3, 20, 12, 13, 4, 19, 25, 25, 25, 9]","[20, 14, 29, 4, 1, 25, 9, 22, 27, 18, 27, 16, 24, None, 10, 8, 19, 12, 0, 23, 3, 20, 19, 13, 15, 19, 25, 25, 25, 9]",4,4,15,4,0.0005407209973782301,3968.104630676098
"[7, 19, 24, 14, 24, 7, 10, 8, 1, 13, 12, 26, 21, 4, 15, 19, 29, 7, 7, 12, 29, 29, 2, 19, 16, 7, 20, 23, 14, None]","[22, 19, 24, 14, 24, 22, 10, 2, 1, 13, 12, 26, 21, 4, 15, 19, 29, 22, 14, 12, 29, 29, 8, 8, 16, 22, 20, 23, 22, None]",4,4,14,3,0.0005194919649511576,6.783054226078093
